Plan ID,Plan Scores,Run-0,Run-1,Run-2,Run-3,Run-4
0,1.0,28,36,40,41,29
1,0.006944444444444444,307,303,305,270,290
2,0.006944444444444444,264,299,296,298,283
3,0.006944444444444444,286,269,267,300,285
4,0.06666666666666667,39,29,29,29,32
5,0.06666666666666667,17,17,15,17,33
6,0.06666666666666667,16,16,16,14,16
7,0.03333333333333333,23,14,15,13,15
8,0.03333333333333333,10,11,12,9,14
9,0.03333333333333333,10,6,5,9,3
