Plan ID,Plan Scores,Run-0,Run-1,Run-2,Run-3,Run-4
0,1.0,34,46,34,50,36
1,0.006944444444444444,288,289,298,296,299
2,0.006944444444444444,285,276,275,284,281
3,0.006944444444444444,263,298,281,275,273
4,0.06666666666666667,23,17,23,20,25
5,0.06666666666666667,23,18,10,18,20
6,0.06666666666666667,16,12,21,11,17
7,0.03333333333333333,20,18,25,19,18
8,0.03333333333333333,21,17,23,15,22
9,0.03333333333333333,27,9,10,12,9
