Plan ID,Plan Scores,Run-0,Run-1,Run-2,Run-3,Run-4
0,1.0,82,72,72,71,74
1,0.006944444444444444,306,313,313,298,321
2,0.006944444444444444,302,318,312,331,331
3,0.006944444444444444,287,276,272,266,251
4,0.06666666666666667,20,19,29,30,22
5,0.06666666666666667,3,2,2,4,1
6,NaN,0,0,0,0,0
7,NaN,0,0,0,0,0
8,NaN,0,0,0,0,0
9,NaN,0,0,0,0,0
