Plan ID,Plan Scores,Run-0,Run-1,Run-2,Run-3,Run-4
0,1.0,50,44,58,58,58
1,0.006944444444444444,299,284,323,291,314
2,0.006944444444444444,282,300,290,286,279
3,0.006944444444444444,278,279,259,286,271
4,0.06666666666666667,27,25,17,15,18
5,0.06666666666666667,14,15,11,12,16
6,0.06666666666666667,9,17,13,12,7
7,0.03333333333333333,8,13,16,19,16
8,0.03333333333333333,21,14,9,13,12
9,0.03333333333333333,12,9,4,8,9
