Plan ID,Plan Scores,Run-0,Run-1,Run-2,Run-3,Run-4
0,1.0,83,95,89,85,86
1,0.006944444444444444,360,349,347,360,324
2,0.006944444444444444,269,296,295,269,301
3,0.006944444444444444,257,243,246,256,267
4,0.06666666666666667,13,10,5,16,8
5,0.06666666666666667,3,3,5,5,3
6,0.06666666666666667,3,1,4,4,3
7,0.03333333333333333,4,3,6,1,6
8,0.03333333333333333,5,0,3,3,2
9,0.03333333333333333,3,0,0,1,0
