Plan ID,Plan Scores,Run-0,Run-1,Run-2,Run-3,Run-4
0,1.0,83,88,90,82,78
1,0.006944444444444444,307,304,329,297,304
2,0.006944444444444444,306,305,292,326,330
3,0.006944444444444444,288,283,277,278,261
4,0.06666666666666667,14,17,12,15,23
5,0.06666666666666667,2,3,0,2,4
6,NaN,0,0,0,0,0
7,NaN,0,0,0,0,0
8,NaN,0,0,0,0,0
9,NaN,0,0,0,0,0
