Plan ID,Plan Scores,Run-0,Run-1,Run-2,Run-3,Run-4
0,1.0,79,73,80,76,75
1,0.006944444444444444,346,354,323,275,349
2,0.006944444444444444,319,344,325,370,353
3,0.006944444444444444,254,227,267,272,222
4,0.06666666666666667,2,2,5,7,1
5,NaN,0,0,0,0,0
6,NaN,0,0,0,0,0
7,NaN,0,0,0,0,0
8,NaN,0,0,0,0,0
9,NaN,0,0,0,0,0
