Plan ID,Plan Scores,Run-0,Run-1,Run-2,Run-3,Run-4
0,1.0,32,10,17,27,29
1,0.006944444444444444,289,280,289,285,300
2,0.006944444444444444,265,289,283,285,284
3,0.006944444444444444,292,276,266,280,266
4,0.06666666666666667,24,30,25,29,28
5,0.06666666666666667,21,20,29,12,17
6,0.06666666666666667,15,26,15,16,18
7,0.03333333333333333,16,23,30,21,20
8,0.03333333333333333,25,22,23,22,24
9,0.03333333333333333,21,24,23,23,14
