Plan ID,Plan Scores,Run-0,Run-1,Run-2,Run-3,Run-4
0,1.0,47,28,54,49,44
1,0.006944444444444444,297,283,307,280,273
2,0.006944444444444444,270,308,286,308,299
3,0.006944444444444444,289,279,278,289,298
4,0.06666666666666667,43,43,34,46,39
5,0.06666666666666667,26,32,19,15,22
6,0.06666666666666667,7,12,10,4,8
7,0.03333333333333333,11,12,8,7,8
8,0.03333333333333333,7,2,3,2,6
9,0.03333333333333333,3,1,1,0,3
