Plan ID,Plan Scores,Run-0,Run-1,Run-2,Run-3,Run-4
0,1.0,90,89,93,99,87
1,0.006944444444444444,331,322,347,303,339
2,0.006944444444444444,284,304,289,303,292
3,0.006944444444444444,267,259,256,274,263
4,0.06666666666666667,10,10,6,11,12
5,0.06666666666666667,7,4,3,6,1
6,0.06666666666666667,3,4,3,0,1
7,0.03333333333333333,3,6,1,2,4
8,0.03333333333333333,4,2,2,2,1
9,0.03333333333333333,1,0,0,0,0
