Plan ID,Plan Scores,Run-0,Run-1,Run-2,Run-3,Run-4
0,1.0,31,14,32,29,27
1,0.006944444444444444,303,299,289,288,294
2,0.006944444444444444,258,283,285,280,292
3,0.006944444444444444,285,268,287,285,274
4,0.06666666666666667,27,26,22,39,21
5,0.06666666666666667,25,27,22,16,28
6,0.06666666666666667,19,22,22,14,19
7,0.03333333333333333,22,25,21,21,17
8,0.03333333333333333,16,22,15,14,18
9,0.03333333333333333,14,14,5,14,10
