Plan ID,Plan Scores,Run-0,Run-1,Run-2,Run-3,Run-4
0,1.0,97,93,97,91,102
1,0.006944444444444444,347,343,352,335,347
2,0.006944444444444444,283,305,286,312,307
3,0.006944444444444444,267,248,258,254,239
4,0.06666666666666667,6,10,5,7,2
5,NaN,0,1,2,1,3
6,NaN,0,0,0,0,0
7,NaN,0,0,0,0,0
8,NaN,0,0,0,0,0
9,NaN,0,0,0,0,0
