Plan ID,Plan Scores,Run-0,Run-1,Run-2,Run-3,Run-4
0,1.0,57,40,52,56,45
1,0.006944444444444444,329,288,278,288,309
2,0.006944444444444444,272,296,300,281,289
3,0.006944444444444444,270,280,289,296,261
4,0.06666666666666667,26,28,20,20,18
5,0.06666666666666667,12,19,18,16,16
6,0.06666666666666667,7,12,17,7,21
7,0.03333333333333333,12,20,10,13,14
8,0.03333333333333333,10,12,12,11,14
9,0.03333333333333333,5,5,4,12,13
