Plan ID,Plan Scores,Run-0,Run-1,Run-2,Run-3,Run-4
0,1.0,103,100,97,105,98
1,0.006944444444444444,420,430,459,414,432
2,0.006944444444444444,272,297,250,311,280
3,0.006944444444444444,204,173,194,170,190
4,0.06666666666666667,1,0,0,0,0
5,NaN,0,0,0,0,0
6,NaN,0,0,0,0,0
7,NaN,0,0,0,0,0
8,NaN,0,0,0,0,0
9,NaN,0,0,0,0,0
