Plan ID,Plan Scores,Run-0,Run-1,Run-2,Run-3,Run-4
0,1.0,51,36,40,48,41
1,0.006944444444444444,298,290,295,286,306
2,0.006944444444444444,266,292,299,296,286
3,0.006944444444444444,292,276,271,277,266
4,0.06666666666666667,28,31,27,31,26
5,0.06666666666666667,21,17,14,18,18
6,0.06666666666666667,10,13,16,16,19
7,0.03333333333333333,10,20,22,8,15
8,0.03333333333333333,14,13,12,10,16
9,0.03333333333333333,10,12,4,10,7
