Plan ID,Plan Scores,Run-0,Run-1,Run-2,Run-3,Run-4
0,1.0,116,98,105,102,113
1,0.006944444444444444,349,369,355,346,344
2,0.006944444444444444,278,287,296,301,308
3,0.006944444444444444,253,242,242,246,235
4,0.06666666666666667,4,1,0,4,0
5,NaN,0,1,0,0,0
6,NaN,0,0,1,0,0
7,NaN,0,2,1,1,0
8,NaN,0,0,0,0,0
9,NaN,0,0,0,0,0
