Plan ID,Plan Scores,Run-0,Run-1,Run-2,Run-3,Run-4
0,1.0,101,96,102,101,102
1,0.006944444444444444,354,338,375,359,359
2,0.006944444444444444,299,315,297,298,296
3,0.006944444444444444,244,246,224,238,241
4,0.06666666666666667,2,4,1,3,2
5,NaN,0,0,1,0,0
6,NaN,0,1,0,0,0
7,NaN,0,0,0,1,0
8,NaN,0,0,0,0,0
9,NaN,0,0,0,0,0
