Plan ID,Plan Scores,Run-0,Run-1,Run-2,Run-3,Run-4
0,1.0,97,90,93,103,90
1,0.006944444444444444,434,419,424,413,418
2,0.006944444444444444,285,312,275,303,308
3,0.006944444444444444,184,179,208,181,184
4,NaN,0,0,0,0,0
5,NaN,0,0,0,0,0
6,NaN,0,0,0,0,0
7,NaN,0,0,0,0,0
8,NaN,0,0,0,0,0
9,NaN,0,0,0,0,0
