Plan ID,Plan Scores,Run-0,Run-1,Run-2,Run-3,Run-4
0,1.0,37,30,35,34,39
1,0.006944444444444444,295,275,304,285,296
2,0.006944444444444444,282,303,282,293,294
3,0.006944444444444444,274,275,261,272,275
4,0.06666666666666667,21,20,26,29,18
5,0.06666666666666667,24,20,15,19,19
6,0.06666666666666667,9,21,29,15,18
7,0.03333333333333333,19,22,26,21,16
8,0.03333333333333333,17,14,11,20,12
9,0.03333333333333333,22,20,11,12,13
