Plan ID,Plan Scores,Run-0,Run-1,Run-2,Run-3,Run-4
0,1.0,95,89,88,89,93
1,0.006944444444444444,390,397,388,386,400
2,0.006944444444444444,310,316,302,323,325
3,0.006944444444444444,205,198,222,202,182
4,NaN,0,0,0,0,0
5,NaN,0,0,0,0,0
6,NaN,0,0,0,0,0
7,NaN,0,0,0,0,0
8,NaN,0,0,0,0,0
9,NaN,0,0,0,0,0
