Plan ID,Plan Scores,Run-0,Run-1,Run-2,Run-3,Run-4
0,1.0,79,72,73,79,72
1,0.006944444444444444,319,328,316,328,312
2,0.006944444444444444,286,272,286,278,311
3,0.006944444444444444,273,265,275,270,258
4,0.06666666666666667,11,27,7,11,14
5,0.06666666666666667,5,11,12,4,14
6,0.06666666666666667,5,4,6,9,4
7,0.03333333333333333,9,11,10,7,10
8,0.03333333333333333,7,4,13,8,4
9,0.03333333333333333,6,6,2,6,1
