Plan ID,Plan Scores,Run-0,Run-1,Run-2,Run-3,Run-4
0,1.0,105,103,98,105,104
1,0.006944444444444444,462,439,453,413,443
2,0.006944444444444444,285,294,286,296,282
3,0.006944444444444444,148,164,163,186,171
4,NaN,0,0,0,0,0
5,NaN,0,0,0,0,0
6,NaN,0,0,0,0,0
7,NaN,0,0,0,0,0
8,NaN,0,0,0,0,0
9,NaN,0,0,0,0,0
