Plan ID,Plan Scores,Run-0,Run-1,Run-2,Run-3,Run-4
0,1.0,92,93,102,96,100
1,0.006944444444444444,326,353,345,337,368
2,0.006944444444444444,295,310,298,296,297
3,0.006944444444444444,280,237,251,259,231
4,0.06666666666666667,7,7,3,9,3
5,NaN,0,0,1,2,1
6,NaN,0,0,0,0,0
7,NaN,0,0,0,1,0
8,NaN,0,0,0,0,0
9,NaN,0,0,0,0,0
