Plan ID,Plan Scores,Run-0,Run-1,Run-2,Run-3,Run-4
0,1.0,95,86,92,89,82
1,0.006944444444444444,333,332,345,316,344
2,0.006944444444444444,297,307,302,315,307
3,0.006944444444444444,267,259,257,271,258
4,0.06666666666666667,8,14,4,9,7
5,NaN,0,2,0,0,2
6,NaN,0,0,0,0,0
7,NaN,0,0,0,0,0
8,NaN,0,0,0,0,0
9,NaN,0,0,0,0,0
