Plan ID,Plan Scores,Run-0,Run-1,Run-2,Run-3,Run-4
0,1.0,88,81,83,72,79
1,0.006944444444444444,303,299,327,303,324
2,0.006944444444444444,286,309,290,300,305
3,0.006944444444444444,291,279,272,284,258
4,0.06666666666666667,23,24,21,30,21
5,0.06666666666666667,7,3,5,5,9
6,0.06666666666666667,1,2,1,1,1
7,0.03333333333333333,1,2,1,3,2
8,NaN,0,1,0,2,1
9,NaN,0,0,0,0,0
