Plan ID,Plan Scores,Run-0,Run-1,Run-2,Run-3,Run-4
0,1.0,36,30,29,39,39
1,0.006944444444444444,301,279,291,288,292
2,0.006944444444444444,268,306,289,288,282
3,0.006944444444444444,278,275,275,279,276
4,0.06666666666666667,20,24,17,15,19
5,0.06666666666666667,17,16,26,16,18
6,0.06666666666666667,11,17,14,14,14
7,0.03333333333333333,16,20,19,16,17
8,0.03333333333333333,28,17,20,16,23
9,0.03333333333333333,25,16,20,29,20
