Plan ID,Plan Scores,Run-0,Run-1,Run-2,Run-3,Run-4
0,1.0,61,55,63,49,56
1,0.006944444444444444,311,284,317,289,308
2,0.006944444444444444,265,282,294,290,295
3,0.006944444444444444,283,307,266,293,273
4,0.06666666666666667,30,28,21,28,32
5,0.06666666666666667,14,18,9,13,9
6,0.06666666666666667,9,12,9,10,10
7,0.03333333333333333,13,10,10,13,11
8,0.03333333333333333,8,2,8,9,6
9,0.03333333333333333,6,2,3,6,0
