Plan ID,Plan Scores,Run-0,Run-1,Run-2,Run-3,Run-4
0,1.0,62,40,53,57,56
1,0.006944444444444444,301,313,314,285,303
2,0.006944444444444444,274,295,285,322,299
3,0.006944444444444444,293,262,279,270,271
4,0.06666666666666667,33,31,27,32,30
5,0.06666666666666667,14,26,22,12,16
6,0.06666666666666667,10,12,8,8,9
7,0.03333333333333333,2,13,6,6,7
8,0.03333333333333333,6,5,2,7,6
9,0.03333333333333333,5,3,4,1,3
