Plan ID,Plan Scores,Run-0,Run-1,Run-2,Run-3,Run-4
0,1.0,69,60,66,70,69
1,0.006944444444444444,285,320,305,290,328
2,0.006944444444444444,285,301,311,325,296
3,0.006944444444444444,308,267,283,273,267
4,0.06666666666666667,33,33,28,29,31
5,0.06666666666666667,12,14,7,9,5
6,0.06666666666666667,4,1,0,1,2
7,0.03333333333333333,4,3,0,1,2
8,NaN,0,1,0,2,0
9,NaN,0,0,0,0,0
