Plan ID,Plan Scores,Run-0,Run-1,Run-2,Run-3,Run-4
0,1.0,111,105,104,111,112
1,0.006944444444444444,444,453,469,431,466
2,0.006944444444444444,292,270,270,285,265
3,0.006944444444444444,153,172,157,173,157
4,NaN,0,0,0,0,0
5,NaN,0,0,0,0,0
6,NaN,0,0,0,0,0
7,NaN,0,0,0,0,0
8,NaN,0,0,0,0,0
9,NaN,0,0,0,0,0
