Plan ID,Plan Scores,Run-0,Run-1,Run-2,Run-3,Run-4
0,1.0,35,19,27,42,31
1,0.006944444444444444,298,281,288,289,303
2,0.006944444444444444,258,283,265,296,280
3,0.006944444444444444,295,281,294,267,275
4,0.06666666666666667,22,27,25,17,21
5,0.06666666666666667,15,18,23,13,15
6,0.06666666666666667,15,20,19,19,13
7,0.03333333333333333,20,33,17,23,19
8,0.03333333333333333,22,16,23,18,23
9,0.03333333333333333,20,22,19,16,20
