Plan ID,Plan Scores,Run-0,Run-1,Run-2,Run-3,Run-4
0,1.0,84,78,77,87,79
1,0.006944444444444444,360,350,370,344,351
2,0.006944444444444444,337,369,339,346,346
3,0.006944444444444444,217,203,212,223,224
4,0.06666666666666667,2,0,2,0,0
5,NaN,0,0,0,0,0
6,NaN,0,0,0,0,0
7,NaN,0,0,0,0,0
8,NaN,0,0,0,0,0
9,NaN,0,0,0,0,0
