Plan ID,Plan Scores,Run-0,Run-1,Run-2,Run-3,Run-4
0,1.0,84,91,85,91,80
1,0.006944444444444444,316,307,321,309,320
2,0.006944444444444444,281,312,303,310,295
3,0.006944444444444444,291,267,260,270,272
4,0.06666666666666667,23,11,16,18,19
5,0.06666666666666667,3,5,7,2,9
6,NaN,0,2,3,0,1
7,0.03333333333333333,2,4,4,0,3
8,NaN,0,1,1,0,1
9,NaN,0,0,0,0,0
