Plan ID,Plan Scores,Run-0,Run-1,Run-2,Run-3,Run-4
0,1.0,66,54,65,66,69
1,0.006944444444444444,308,321,310,310,309
2,0.006944444444444444,279,281,277,299,301
3,0.006944444444444444,284,273,288,272,266
4,0.06666666666666667,20,19,24,18,19
5,0.06666666666666667,9,14,9,13,13
6,0.06666666666666667,4,6,3,7,7
7,0.03333333333333333,10,17,13,6,9
8,0.03333333333333333,12,8,7,4,5
9,0.03333333333333333,8,7,4,5,2
