Plan ID,Plan Scores,Run-0,Run-1,Run-2,Run-3,Run-4
0,1.0,96,90,85,88,83
1,0.006944444444444444,361,342,385,361,402
2,0.006944444444444444,338,346,331,342,335
3,0.006944444444444444,205,221,199,208,180
4,NaN,0,1,0,1,0
5,NaN,0,0,0,0,0
6,NaN,0,0,0,0,0
7,NaN,0,0,0,0,0
8,NaN,0,0,0,0,0
9,NaN,0,0,0,0,0
