Plan ID,Plan Scores,Run-0,Run-1,Run-2,Run-3,Run-4
0,1.0,25,22,35,33,23
1,0.006944444444444444,291,286,303,291,296
2,0.006944444444444444,264,301,271,276,279
3,0.006944444444444444,290,267,277,285,274
4,0.06666666666666667,21,24,20,34,36
5,0.06666666666666667,21,20,22,23,17
6,0.06666666666666667,18,21,15,7,23
7,0.03333333333333333,20,24,28,15,17
8,0.03333333333333333,22,19,19,17,21
9,0.03333333333333333,28,16,10,19,14
