Plan ID,Plan Scores,Run-0,Run-1,Run-2,Run-3,Run-4
0,1.0,67,69,57,62,52
1,0.006944444444444444,303,303,312,289,293
2,0.006944444444444444,299,314,301,312,309
3,0.006944444444444444,287,271,273,277,281
4,0.06666666666666667,35,29,41,39,44
5,0.06666666666666667,9,10,8,13,14
6,NaN,0,1,4,3,4
7,NaN,0,3,4,4,2
8,NaN,0,0,0,1,1
9,NaN,0,0,0,0,0
